{
  "audio_asset": "Svi000000001.oga",
  "parts": [
    {
      "id": "Svi000000001",
      "translated_sentence": "Hello, my name is Lan",
      "sentence_example": [
        {
          "text": "Xin",
          "time_start": 50,
          "time_end": 325
        },
        {
          "text": "chào",
          "time_start": 337,
          "time_end": 625
        },
        {
          "text": ",",
          "time_start": 675,
          "time_end": 813
        },
        {
          "text": "tôi",
          "time_start": 887,
          "time_end": 1037
        },
        {
          "text": "là",
          "time_start": 1062,
          "time_end": 1225
        },
        {
          "text": "Lan",
          "time_start": 1250,
          "time_end": 1600
        }
      ]
    }
  ]
}